20260325	LAUNCHED	2026-04-12 18:20:43
20260325	START	2026-04-12 18:20:43
20260326	LAUNCHED	2026-04-12 18:20:43
20260327	LAUNCHED	2026-04-12 18:20:43
20260326	START	2026-04-12 18:20:43
20260327	START	2026-04-12 18:20:43
20260325	TRAIN_EXIT_0	2026-04-12 18:29:26
20260326	TRAIN_EXIT_0	2026-04-12 18:29:27
20260325	EVAL_EXIT_0	2026-04-12 18:29:30
20260326	EVAL_EXIT_0	2026-04-12 18:29:31
20260327	TRAIN_EXIT_0	2026-04-12 18:29:32
20260328	LAUNCHED	2026-04-12 18:29:33
20260328	START	2026-04-12 18:29:33
20260329	LAUNCHED	2026-04-12 18:29:33
20260329	START	2026-04-12 18:29:33
20260327	EVAL_EXIT_0	2026-04-12 18:29:36
20260330	LAUNCHED	2026-04-12 18:29:43
20260330	START	2026-04-12 18:29:43
20260328	TRAIN_EXIT_0	2026-04-12 18:37:58
20260329	TRAIN_EXIT_0	2026-04-12 18:38:01
20260328	EVAL_EXIT_0	2026-04-12 18:38:02
20260331	LAUNCHED	2026-04-12 18:38:03
20260331	START	2026-04-12 18:38:03
20260329	EVAL_EXIT_0	2026-04-12 18:38:05
20260330	TRAIN_EXIT_0	2026-04-12 18:38:11
20260332	LAUNCHED	2026-04-12 18:38:13
20260332	START	2026-04-12 18:38:13
20260330	EVAL_EXIT_0	2026-04-12 18:38:15
20260333	LAUNCHED	2026-04-12 18:38:23
20260333	START	2026-04-12 18:38:23
20260331	TRAIN_EXIT_0	2026-04-12 18:46:25
20260331	EVAL_EXIT_0	2026-04-12 18:46:29
20260332	TRAIN_EXIT_0	2026-04-12 18:46:32
20260334	LAUNCHED	2026-04-12 18:46:34
20260334	START	2026-04-12 18:46:34
20260332	EVAL_EXIT_0	2026-04-12 18:46:36
20260333	TRAIN_EXIT_0	2026-04-12 18:46:42
20260335	LAUNCHED	2026-04-12 18:46:44
20260335	START	2026-04-12 18:46:44
20260333	EVAL_EXIT_0	2026-04-12 18:46:46
20260336	LAUNCHED	2026-04-12 18:46:54
20260336	START	2026-04-12 18:46:54
20260334	TRAIN_EXIT_0	2026-04-12 18:54:57
20260334	EVAL_EXIT_0	2026-04-12 18:55:01
20260337	LAUNCHED	2026-04-12 18:55:04
20260337	START	2026-04-12 18:55:04
20260335	TRAIN_EXIT_0	2026-04-12 18:55:05
20260335	EVAL_EXIT_0	2026-04-12 18:55:09
20260336	TRAIN_EXIT_0	2026-04-12 18:55:11
20260338	LAUNCHED	2026-04-12 18:55:14
20260338	START	2026-04-12 18:55:14
20260336	EVAL_EXIT_0	2026-04-12 18:55:15
20260339	LAUNCHED	2026-04-12 18:55:24
20260339	START	2026-04-12 18:55:24
20260337	TRAIN_EXIT_0	2026-04-12 19:03:21
20260337	EVAL_EXIT_0	2026-04-12 19:03:26
20260338	TRAIN_EXIT_0	2026-04-12 19:03:31
20260340	LAUNCHED	2026-04-12 19:03:34
20260340	START	2026-04-12 19:03:34
20260338	EVAL_EXIT_0	2026-04-12 19:03:35
20260341	LAUNCHED	2026-04-12 19:03:44
20260341	START	2026-04-12 19:03:44
20260339	TRAIN_EXIT_0	2026-04-12 19:03:48
20260339	EVAL_EXIT_0	2026-04-12 19:03:52
20260342	LAUNCHED	2026-04-12 19:03:54
20260342	START	2026-04-12 19:03:54
20260340	TRAIN_EXIT_0	2026-04-12 19:11:47
20260340	EVAL_EXIT_0	2026-04-12 19:11:51
20260343	LAUNCHED	2026-04-12 19:11:55
20260343	START	2026-04-12 19:11:55
20260341	TRAIN_EXIT_0	2026-04-12 19:12:04
20260341	EVAL_EXIT_0	2026-04-12 19:12:08
20260342	TRAIN_EXIT_0	2026-04-12 19:12:14
20260344	LAUNCHED	2026-04-12 19:12:15
20260344	START	2026-04-12 19:12:15
20260342	EVAL_EXIT_0	2026-04-12 19:12:18
20260343	TRAIN_EXIT_0	2026-04-12 19:19:42
20260343	EVAL_EXIT_0	2026-04-12 19:19:47
20260344	TRAIN_EXIT_0	2026-04-12 19:19:56
20260344	EVAL_EXIT_0	2026-04-12 19:20:00
ALL_DONE	2026-04-12 19:20:00
